model_name,RMSE,RMSPE,Max Abs Error,Mean Abs Error,Median Abs Error
AutoRNN_model,11.470280168755204,5.291503490013863,17.308816528320314,11.131115531921386,10.486427307128906
