model_name,RMSE,RMSPE,Max Abs Error,Mean Abs Error,Median Abs Error
AutoInformer_model,3.188164464371858,1.5126178530206171,5.819049453735353,2.8795167764027916,2.9719097137451165
