model_name,RMSE,RMSPE,Max Abs Error,Mean Abs Error,Median Abs Error
AutoTFT_model,5.203650936292757,2.3302372686152424,7.178529357910158,4.86469051361084,5.322082328796387
