model_name,RMSE,RMSPE,Max Abs Error,Mean Abs Error,Median Abs Error
AutoTFT_model,2.555573690684875,1.1388519636260752,4.298354721069337,2.3173735046386725,2.228309249877931
