model_name,RMSE,RMSPE,Max Abs Error,Mean Abs Error,Median Abs Error
AutoTFT_model,4.616171549040225,2.2509996372929386,7.840329742431642,4.124669570922851,4.654146957397462
