model_name,RMSE,RMSPE,Max Abs Error,Mean Abs Error,Median Abs Error
AutoDilatedRNN_model,12.866866200229822,5.232427352023961,16.415830230712892,12.495976066589355,13.10702896118164
