model_name,RMSE,RMSPE,Max Abs Error,Mean Abs Error,Median Abs Error
AutoDilatedRNN_model,12.108568551898989,4.902048845405912,16.73994369506836,11.728271579742431,11.926073455810547
