model_name,RMSE,RMSPE,Max Abs Error,Mean Abs Error,Median Abs Error
AutoGRU_model,9.60784783737621,3.875520133512856,14.370639038085937,9.135587120056153,8.48453826904297
