model_name,RMSE,RMSPE,Max Abs Error,Mean Abs Error,Median Abs Error
AutoTCN_model,24.051505409055416,9.715218123569992,28.95999882221222,23.613153660297396,24.75999611020088
