model_name,RMSE,RMSPE,Max Abs Error,Mean Abs Error,Median Abs Error
AutoRNN_model,10.796256218712145,4.966579630169935,16.059724426269533,10.516615009307861,10.044329071044922
