model_name,RMSE,RMSPE,Max Abs Error,Mean Abs Error,Median Abs Error
Autoformer_model,1.9315098126022487,0.8441568495473625,3.2869003295898445,1.69476531346639,1.4400180816650394
