model_name,RMSE,RMSPE,Max Abs Error,Mean Abs Error,Median Abs Error
AutoFEDformer_model,2.8052750765355783,1.0704471538377653,5.944310760498048,2.1889233748118087,1.6633073806762706
