model_name,RMSE,RMSPE,Max Abs Error,Mean Abs Error,Median Abs Error
AutoTCN_model,24.039829540788613,9.70775552253204,28.959975755214693,23.59797195196152,24.759921127557753
