RMSE,RMSPE,Max Abs Error,Mean Abs Error,Median Abs Error
1.4272335185215317,0.6648892304913313,2.864663696289064,1.244765408833822,1.206803321838379
