model_name,RMSE,RMSPE,Max Abs Error,Mean Abs Error,Median Abs Error
LSTM_model,3.491266743914249,1.5354568169393878,6.153964233398437,3.167328510284424,3.366232299804688
