model_name,RMSE,RMSPE,Max Abs Error,Mean Abs Error,Median Abs Error
AutoGRU_model,10.659473974831142,4.2695288995461755,16.535697174072265,10.087799549102783,9.168917846679689
