model_name,RMSE,RMSPE,Max Abs Error,Mean Abs Error,Median Abs Error
AutoBiTCN_model,19.627571275658628,8.084254176940805,23.012585735321046,19.423048198223118,20.408874988555908
