model_name,RMSE,RMSPE,Max Abs Error,Mean Abs Error,Median Abs Error
AutoFEDformer_model,2.719784556025855,1.1988775215221876,4.462194061279298,2.369953536987305,2.4939664840698246
