model_name,RMSE,RMSPE,Max Abs Error,Mean Abs Error,Median Abs Error
Autoformer_model,2.2059072720789934,0.830644979886926,4.547933197021486,1.6450780391693118,1.0025962829589847
