model_name,RMSE,RMSPE,Max Abs Error,Mean Abs Error,Median Abs Error
AutoInformer_model,3.6091483037701177,1.6118469744923205,5.930200195312501,3.2642962773640956,3.3269971847534183
