model_name,RMSE,RMSPE,Max Abs Error,Mean Abs Error,Median Abs Error
VanillaTransformer_model,2.932136559965108,1.3013314314775106,4.836907958984376,2.638588190078736,2.755431365966798
