model_name,RMSE,RMSPE,Max Abs Error,Mean Abs Error,Median Abs Error
AutoDeepAR_model,12.044608525508744,5.170058167321451,18.921210479736327,11.747612953186035,11.743130111694336
