model_name,RMSE,RMSPE,Max Abs Error,Mean Abs Error,Median Abs Error
AutoPatchTST_model,1.4635609751164236,0.6671046562814272,3.5392070770263686,1.117909161249797,0.9997117996215827
