model_name,RMSE,RMSPE,Max Abs Error,Mean Abs Error,Median Abs Error
AutoiTransformer_model,0.9763991025840334,0.4425089497220417,2.316819763183595,0.7500739574432377,0.6198692321777344
