model_name,RMSE,RMSPE,Max Abs Error,Mean Abs Error,Median Abs Error
LSTM_model,9.79182580758985,3.946486711403901,17.322055053710937,9.010443210601807,7.816189002990722
