model_name,RMSE,RMSPE,Max Abs Error,Mean Abs Error,Median Abs Error
AutoDeepAR_model,13.97419556136593,5.7969872037276335,24.023604583740234,13.420602321624756,13.16568603515625
