model_name,RMSE,RMSPE,Max Abs Error,Mean Abs Error,Median Abs Error
VanillaTransformer_model,2.5703661382958574,1.193212393417165,4.724282836914064,2.2933887481689457,2.3649112701416026
