model_name,RMSE,RMSPE,Max Abs Error,Mean Abs Error,Median Abs Error
AutoBiTCN_model,19.53613612595234,8.031371257256605,23.163714981079103,19.319188082218172,20.167875289916992
